INSERT INTO SEXO (DESCRICAO) VALUES
  ('Masculino'),
  ('Feminino'),
  ('Indefinido');

INSERT INTO ENDERECO (RUA, NUMERO, BAIRRO, CIDADE, ESTADO, CEP) VALUES
  ('Av. Paulista', '1000', 'Bela Vista', 'São Paulo', 'SP', '01310-000'),
  ('Rua das Flores', '123', 'Jardim', 'Campinas', 'SP', '13000-000');

INSERT INTO CLASSE (ESPECIE, RACA) VALUES
  ('Canino', 'Labrador'),
  ('Felino', 'Persa'),
  ('Ave', 'Papagaio');

INSERT INTO PESSOA (NOME, DATA_NASCIMENTO, ID_SEXO, EMAIL, CPF, TELEFONE) VALUES
  ('João Silva', '1985-07-15', 1, 'joao.silva@example.com', 12345678901, 11999990000),
  ('Maria Oliveira', '1990-02-20', 2, 'maria.oliveira@example.com', 10987654321, 11988880000);

INSERT INTO FUNCIONARIO (ID_PESSOA, SALARIO, DATA_ADMISSAO) VALUES
  (1, 2500.00, '2020-01-10'),
  (2, 3200.50, '2021-05-03');

INSERT INTO ATENDENTE (ID_FUNCIONARIO, QTD_ATENDIMENTOS) VALUES
  (1, 150),
  (2, 200);

INSERT INTO VETERINARIO (ID_FUNCIONARIO, ESPECIALIDADE, CRMV) VALUES
  (2, 'Dermatologia', 'CRMV-12345');

INSERT INTO CLIENTE (ID_PESSOA, ID_ENDERECO) VALUES
  (1, 1),
  (2, 2);

INSERT INTO ANIMAL (ID_SEXO, ID_CLASSE, ID_CLIENTE, NOME, DATA_NASCIMENTO, PESO) VALUES
  (1, 1, 1, 'Rex', '2018-11-05', 25.5),
  (2, 2, 2, 'Mia', '2020-03-22', 4.3);

INSERT INTO ATENDIMENTO (ID_ATENDENTE, ID_VETERINARIO, ID_ANIMAL, TIPO_ATENDIMENTO, VALOR, DATA_ATENDIMENTO, TEXTO_CONSULTA) VALUES
  (1, 1, 1, 'Consulta de rotina', 120.00, '2024-03-01', 'Vacinação em dia, sem anormalidades'),
  (2, 1, 2, 'Cirurgia', 800.00, '2024-03-05', 'Retirada de tumor benigno');

INSERT INTO PEDIDO (ID_CLIENTE, DATA_PEDIDO, STATUS) VALUES
  (1, '2024-03-10', 'Em aberto'),
  (2, '2024-03-12', 'Confirmado');

INSERT INTO PRODUTO (NOME, MARCA, PRECO, ESTOQUE) VALUES
  ('Ração SuperPet', 'SuperPet', 89.90, 30),
  ('Antipulgas X', 'PetCare', 45.00, 50);

INSERT INTO PRODUTO_PEDIDO (ID_PEDIDO, ID_PRODUTO, QUANTIDADE, VALOR_TOTAL) VALUES
  (1, 1, 2, 179.80),
  (2, 2, 1, 45.00);

INSERT INTO NOTA_FISCAL (ID_PRODUTO_PEDIDO, DATA_EMISSAO, NUMERO_SERIE) VALUES
  (1, '2024-03-10', 'NF001'),
  (2, '2024-03-12', 'NF002');

